date,daily_spending
2024-10-31,0.0
2024-11-01,1881.47
2024-11-02,429.04
2024-11-03,199.42
2024-11-04,0.0
2024-11-05,0.0
2024-11-06,0.0
2024-11-07,0.0
2024-11-08,0.0
2024-11-09,0.0
2024-11-10,0.0
2024-11-11,1529.9399999999998
2024-11-12,466.42
2024-11-13,3206.91
2024-11-14,1101.61
2024-11-15,0.0
2024-11-16,1051.69
2024-11-17,4260.42
2024-11-18,2072.9900000000002
2024-11-19,606.22
2024-11-20,1583.3
2024-11-21,0.0
2024-11-22,795.56
2024-11-23,0.0
2024-11-24,2258.45
2024-11-25,665.5799999999999
2024-11-26,0.0
2024-11-27,0.0
2024-11-28,0.0
2024-11-29,0.0
2024-11-30,1456.94
2024-12-01,0.0
2024-12-02,39.3
2024-12-03,0.0
2024-12-04,0.0
2024-12-05,630.04
2024-12-06,932.73
2024-12-07,0.0
2024-12-08,0.0
2024-12-09,169.64
2024-12-10,0.0
2024-12-11,121.52
2024-12-12,1090.95
2024-12-13,0.0
2024-12-14,0.0
2024-12-15,1949.45
2024-12-16,1544.74
2024-12-17,0.0
2024-12-18,0.0
2024-12-19,1453.44
2024-12-20,0.0
2024-12-21,784.35
2024-12-22,0.0
2024-12-23,325.64
2024-12-24,0.0
2024-12-25,0.0
2024-12-26,0.0
2024-12-27,0.0
2024-12-28,1241.3400000000001
2024-12-29,655.78
